"","X","Date","Site.ID","Daily.Mean.PM2.5.Concentration","SITE_LATITUDE","SITE_LONGITUDE","year","school_year","consecutive_missing","max_consecutive_missing","count","aq_good","aq_mod","aq_uh1","aq_uh2","aq_vuh","PM2.5_average"
"1",62,"2005-01-01",60010007,8.3,37.687526,-121.784217,2005,2004,0,0,365,264,93,8,0,0,11.0319178082192
"2",93,"2006-01-01",60010007,8.8,37.687526,-121.784217,2006,2005,0,0,365,267,92,5,1,0,9.92931506849315
"3",124,"2007-01-01",60010007,22.3,37.687526,-121.784217,2007,2006,0,0,365,245,107,13,0,0,11.2891780821918
"4",186,"2009-01-01",60010007,15.3,37.687526,-121.784217,2009,2008,0,0,365,272,84,9,0,0,9.93054794520548
"5",279,"2012-01-01",60010007,15.3,37.687526,-121.784217,2012,2011,0,0,366,314,50,2,0,0,7.83224043715847
"6",310,"2013-01-01",60010007,17.2,37.687526,-121.784217,2013,2012,0,0,365,311,53,1,0,0,7.23219178082192
"7",465,"2018-01-01",60010007,28.1,37.687526,-121.784217,2018,2017,0,1,365,291,71,3,0,0,8.92342465753425
"8",7794,"2012-01-01",60010009,18.7,37.743065,-122.169935,2012,2011,0,0,366,277,86,3,0,0,10.2049180327869
"9",7980,"2018-01-01",60010009,27.1,37.743065,-122.169935,2018,2017,0,0,365,283,75,5,2,0,9.97904109589041
"10",8104,"2022-01-01",60010009,13.2,37.743065,-122.169935,2022,2021,0,0,365,291,73,0,0,0,8.35123626373626
"11",8135,"2023-01-01",60010009,9.2,37.743065,-122.169935,2023,2022,0,0,365,313,52,0,0,0,7.63287671232877
"12",13269,"2010-01-01",60010011,14.7,37.814781,-122.282347,2010,2009,0,0,365,217,148,0,0,0,11.5232876712329
"13",13672,"2023-01-01",60010011,4.2,37.814781,-122.282347,2023,2022,0,0,365,312,53,0,0,0,7.37369863013699
"14",18410,"2015-01-01",60010012,10.7,37.793624,-122.263376,2015,2014,0,0,365,283,81,1,0,0,9.76931506849315
"15",18441,"2016-01-01",60010012,4,37.793624,-122.263376,2016,2015,0,0,366,286,80,0,0,0,9.02814207650273
"16",18503,"2018-01-01",60010012,25.1,37.793624,-122.263376,2018,2017,0,0,365,215,141,7,2,0,12.6542465753425
"17",18596,"2021-01-01",60010012,16.6,37.793624,-122.263376,2021,2020,0,0,365,283,73,2,4,1,10.0994490358127
"18",18658,"2023-01-01",60010012,3.9,37.793624,-122.263376,2023,2022,0,0,365,287,77,1,0,0,8.76013698630137
"19",23764,"2021-01-01",60010015,13.5,37.7012220009132,-121.903019,2021,2020,0,0,365,287,61,7,10,0,11.8401369863014
"20",28726,"2010-01-01",60012004,11.8,37.877794,-122.30129,2010,2009,0,0,365,279,86,0,0,0,9.52931506849315
"21",35214,"2014-01-01",60070008,62.8,39.76168,-121.84047,2014,2013,0,0,365,242,119,3,1,0,11.6876712328767
"22",35245,"2015-01-01",60070008,39,39.76168,-121.84047,2015,2014,0,0,365,280,82,3,0,0,9.7254794520548
"23",35276,"2016-01-01",60070008,19.2,39.76168,-121.84047,2016,2015,0,0,366,297,69,0,0,0,8.90273224043716
"24",35307,"2017-01-01",60070008,19.6,39.76168,-121.84047,2017,2016,0,1,365,222,140,3,0,0,11.4419178082192
"25",35338,"2018-01-01",60070008,28,39.76168,-121.84047,2018,2017,0,0,365,205,156,4,0,0,12.653698630137
"26",35369,"2019-01-01",60070008,13.5,39.76168,-121.84047,2019,2018,0,0,365,245,91,15,8,6,17.6035616438356
"27",35493,"2023-01-01",60070008,5.6,39.76168,-121.84047,2023,2022,0,0,365,311,50,3,0,0,7.33557692307692
"28",44292,"2023-01-01",60074001,2,39.327563,-121.668811,2023,2022,0,0,365,324,40,1,0,0,5.57479452054794
"29",51684,"2016-01-01",60090001,19.8,38.20185,-120.680277,2016,2015,0,0,366,331,31,1,1,2,8.65710382513661
"30",62787,"2006-01-01",60111002,4.4,39.18919,-121.99887,2006,2005,0,0,365,224,141,0,0,0,10.9845205479452
"31",62818,"2007-01-01",60111002,9.2,39.18919,-121.99887,2007,2006,0,0,365,262,97,4,2,0,10.1605479452055
"32",62849,"2008-01-01",60111002,21.7,39.18919,-121.99887,2008,2007,0,1,366,303,59,4,0,0,8.48224043715847
"33",63128,"2017-01-01",60111002,8.5,39.18919,-121.99887,2017,2016,0,1,365,313,50,0,0,0,7.38512396694215
"34",63221,"2020-01-01",60111002,24.9,39.18919,-121.99887,2020,2019,0,2,366,310,54,0,0,0,7.41181318681319
"35",70519,"2008-01-01",60130002,23.3,37.936013,-122.026154,2008,2007,0,1,366,315,42,1,0,0,7.54930167597765
"36",70891,"2020-01-01",60130002,10.6,37.936013,-122.026154,2020,2019,0,0,366,336,30,0,0,0,7.33497267759563
"37",70953,"2022-01-01",60130002,8.7,37.936013,-122.026154,2022,2021,0,0,365,293,70,2,0,0,8.54835616438356
"38",92251,"2011-01-01",60179000,NA,38.9759996246692,-120.103505924399,2011,2010,1,2,365,354,0,0,0,0,2.12824858757062
"39",102748,"2003-01-01",60190008,58,36.7813328518401,-119.77318981409,2003,2002,0,1,365,148,144,48,25,0,21.4619178082192
"40",102779,"2004-01-01",60190008,13.8,36.7813328518401,-119.77318981409,2004,2003,0,1,366,182,150,30,4,0,16.7465846994536
"41",102810,"2005-01-01",60190008,8.3,36.7813328518401,-119.77318981409,2005,2004,0,1,365,197,134,29,5,0,16.3821917808219
"42",102841,"2006-01-01",60190008,11,36.7813328518401,-119.77318981409,2006,2005,0,0,365,190,126,28,20,0,18.0865384615385
"43",102872,"2007-01-01",60190008,71,36.7813328518401,-119.77318981409,2007,2006,0,0,365,158,147,38,22,0,19.4505479452055
"44",102903,"2008-01-01",60190008,46.5,36.7813328518401,-119.77318981409,2008,2007,0,0,366,230,89,30,17,0,16.8760928961749
"45",102934,"2009-01-01",60190008,36.4,36.7813328518401,-119.77318981409,2009,2008,0,0,365,169,137,45,12,0,18.5856749311295
"46",102965,"2010-01-01",60190008,50.2,36.7813328518401,-119.77318981409,2010,2009,0,0,365,205,135,19,5,0,14.6824657534247
"47",102996,"2011-01-01",60190008,6.3,36.7813328518401,-119.77318981409,2011,2010,0,0,365,226,110,26,2,0,13.5917582417582
"48",106403,"2013-01-01",60190011,43.1,36.78538,-119.77321,2013,2012,0,0,365,195,143,25,1,0,14.9846575342466
"49",106434,"2014-01-01",60190011,97.7,36.78538,-119.77321,2014,2013,0,0,365,150,161,29,24,0,20.3049315068493
"50",106465,"2015-01-01",60190011,34.9,36.78538,-119.77321,2015,2014,0,0,365,172,169,12,12,0,16.1693150684932
"51",106496,"2016-01-01",60190011,47.5,36.78538,-119.77321,2016,2015,0,0,366,208,144,14,0,0,13.6833333333333
"52",106558,"2018-01-01",60190011,96.9,36.78538,-119.77321,2018,2017,0,0,365,168,151,27,19,0,18.5172602739726
"53",106589,"2019-01-01",60190011,51.3,36.78538,-119.77321,2019,2018,0,0,365,199,135,24,6,0,15.4756164383562
"54",106620,"2020-01-01",60190011,42.3,36.78538,-119.77321,2020,2019,0,0,366,233,126,7,0,0,12.2390710382514
"55",106651,"2021-01-01",60190011,31.2,36.78538,-119.77321,2021,2020,0,0,365,187,130,30,17,1,19.6947945205479
"56",106682,"2022-01-01",60190011,43.2,36.78538,-119.77321,2022,2021,0,2,365,190,136,34,5,0,16.8402739726027
"57",106713,"2023-01-01",60190011,4.5,36.78538,-119.77321,2023,2022,0,0,365,232,121,10,0,0,11.7123966942149
"58",110573,"2020-01-01",60190500,13.4,36.9851185574381,-119.658339349936,2020,2019,0,0,366,345,21,0,0,0,6.73251366120219
"59",118336,"2022-01-01",60192009,2.5,36.6342250009037,-120.382331,2022,2021,0,0,365,268,89,6,2,0,9.80041095890411
"60",122956,"2023-01-01",60192016,4.2,36.710833,-119.7775,2023,2022,0,0,365,227,131,7,0,0,12.236301369863
"61",124266,"2011-01-01",60195001,9.1,36.819449,-119.716433,2011,2010,0,0,365,179,161,21,4,0,15.4438356164384
"62",124297,"2012-01-01",60195001,72,36.819449,-119.716433,2012,2011,0,0,366,171,146,27,18,0,18.6177685950413
"63",124359,"2014-01-01",60195001,64.5,36.819449,-119.716433,2014,2013,0,1,365,183,143,25,13,0,17.0164383561644
"64",124390,"2015-01-01",60195001,24.7,36.819449,-119.716433,2015,2014,0,0,365,196,149,10,10,0,14.6795890410959
"65",124421,"2016-01-01",60195001,34.1,36.819449,-119.716433,2016,2015,0,0,366,168,190,8,0,0,14.375956284153
"66",124452,"2017-01-01",60195001,8.1,36.819449,-119.716433,2017,2016,0,0,365,235,123,5,0,0,11.4790633608815
"67",124483,"2018-01-01",60195001,82.3,36.819449,-119.716433,2018,2017,0,2,365,194,143,19,9,0,15.4382191780822
"68",124576,"2021-01-01",60195001,28,36.819449,-119.716433,2021,2020,0,0,365,188,132,28,15,2,19.5665753424658
"69",146908,"2008-01-01",60210003,9,39.53387,-122.190834,2008,2007,0,1,366,285,74,6,1,0,9.75054644808743
"70",146939,"2009-01-01",60210003,11.9,39.53387,-122.190834,2009,2008,0,0,365,248,100,6,9,2,13.6164383561644
"71",147249,"2019-01-01",60210003,1.4,39.53387,-122.190834,2019,2018,0,0,365,293,54,9,6,1,9.77355371900826
"72",152902,"2015-01-01",60230006,30.5,41.0471169849594,-123.67523342371,2015,2014,0,0,365,246,118,1,0,0,10.1601369863014
"73",163278,"2014-01-01",60231005,9.8,40.71528,-124.20139,2014,2013,0,0,365,316,48,1,0,0,7.95178082191781
"74",163309,"2015-01-01",60231005,3.4,40.71528,-124.20139,2015,2014,0,0,365,319,44,1,1,0,7.37493150684931
"75",163340,"2016-01-01",60231005,1.4,40.71528,-124.20139,2016,2015,0,0,366,335,27,0,0,0,6.14502762430939
"76",167000,"2016-01-01",60250005,11.8,32.67618,-115.48307,2016,2015,0,0,366,188,173,5,0,0,13.2857923497268
"77",167031,"2017-01-01",60250005,2.8,32.67618,-115.48307,2017,2016,0,0,365,205,158,2,0,0,12.6616438356164
"78",167062,"2018-01-01",60250005,90.6,32.67618,-115.48307,2018,2017,0,0,365,168,186,9,1,1,14.9868493150685
"79",167093,"2019-01-01",60250005,8.6,32.67618,-115.48307,2019,2018,0,0,365,196,161,7,0,0,13.2120547945205
"80",167124,"2020-01-01",60250005,23.7,32.67618,-115.48307,2020,2019,0,0,366,253,111,2,0,0,10.9521857923497
"81",167155,"2021-01-01",60250005,17.6,32.67618,-115.48307,2021,2020,0,0,365,232,128,5,0,0,11.8180821917808
"82",174856,"2023-01-01",60250007,7.9,32.97833,-115.53917,2023,2022,0,0,365,305,55,5,0,0,8.02027397260274
"83",189455,"2017-01-01",60270002,1.8,37.360684,-118.330783,2017,2016,0,1,365,350,15,0,0,0,3.9358904109589
"84",189486,"2018-01-01",60270002,3.6,37.360684,-118.330783,2018,2017,0,0,365,346,19,0,0,0,4.79301369863014
"85",189517,"2019-01-01",60270002,0.6,37.360684,-118.330783,2019,2018,0,0,365,334,23,4,3,1,6.81054794520548
"86",189548,"2020-01-01",60270002,0.8,37.360684,-118.330783,2020,2019,0,2,366,358,4,0,2,0,4.67802197802198
"87",189579,"2021-01-01",60270002,1,37.360684,-118.330783,2021,2020,0,2,365,308,31,7,16,3,11.6801369863014
"88",189610,"2022-01-01",60270002,0.8,37.360684,-118.330783,2022,2021,0,1,365,318,29,10,8,0,8.1272602739726
"89",189641,"2023-01-01",60270002,0.4,37.360684,-118.330783,2023,2022,0,1,365,356,8,1,0,0,4.1241095890411
"90",197219,"2011-01-01",60271003,3.4,36.487823,-117.871036,2011,2010,0,0,365,322,37,3,3,0,7.92547945205479
"91",197250,"2012-01-01",60271003,4,36.487823,-117.871036,2012,2011,0,0,366,323,34,5,3,1,8.3844262295082
"92",197312,"2014-01-01",60271003,3.9,36.487823,-117.871036,2014,2013,0,1,365,326,32,2,5,0,7.7341095890411
"93",197343,"2015-01-01",60271003,4.8,36.487823,-117.871036,2015,2014,0,0,365,317,40,3,4,1,8.32301369863014
"94",197405,"2017-01-01",60271003,4.8,36.487823,-117.871036,2017,2016,0,2,365,329,30,3,1,0,6.6064738292011
"95",197436,"2018-01-01",60271003,4.5,36.487823,-117.871036,2018,2017,0,0,365,316,40,4,3,1,8.19326923076923
"96",197467,"2019-01-01",60271003,19.3,36.487823,-117.871036,2019,2018,0,0,365,329,34,0,1,1,6.91383561643836
"97",197498,"2020-01-01",60271003,3.8,36.487823,-117.871036,2020,2019,0,0,366,353,11,1,1,0,5.24590163934426
"98",197529,"2021-01-01",60271003,3.4,36.487823,-117.871036,2021,2020,0,0,365,299,44,11,10,1,10.5334246575342
"99",197560,"2022-01-01",60271003,1.5,36.487823,-117.871036,2022,2021,0,0,365,312,39,5,6,2,9.77013698630137
"100",197591,"2023-01-01",60271003,59.2,36.487823,-117.871036,2023,2022,0,0,365,338,18,5,4,0,7.03712328767123
"101",205310,"2022-01-01",60271023,15.4,37.3621369693511,-118.417477920338,2022,2021,0,0,365,225,115,17,8,0,13.9619178082192
"102",213444,"2020-01-01",60290011,3.2,35.0505513494936,-118.147293620967,2020,2019,0,0,366,344,22,0,0,0,6.75464480874317
"103",219616,"2003-01-01",60290014,37.9,35.356615,-119.062613,2003,2002,0,0,365,38,231,59,37,0,28.2921917808219
"104",219647,"2004-01-01",60290014,47.6,35.356615,-119.062613,2004,2003,0,0,366,43,264,49,9,0,23.9887978142077
"105",219709,"2006-01-01",60290014,29,35.356615,-119.062613,2006,2005,0,0,365,83,228,23,30,0,23.1531506849315
"106",219740,"2007-01-01",60290014,52.2,35.356615,-119.062613,2007,2006,0,0,365,111,201,30,21,0,21.571349862259
"107",219771,"2008-01-01",60290014,21.1,35.356615,-119.062613,2008,2007,0,0,366,106,197,32,30,0,22.5393442622951
"108",219802,"2009-01-01",60290014,57.9,35.356615,-119.062613,2009,2008,0,0,365,75,214,47,29,0,24.8271232876712
"109",219833,"2010-01-01",60290014,46.9,35.356615,-119.062613,2010,2009,0,0,365,84,234,35,11,1,20.9232876712329
"110",219864,"2011-01-01",60290014,6.2,35.356615,-119.062613,2011,2010,0,0,365,136,196,26,7,0,18.1328767123288
"111",219895,"2012-01-01",60290014,93.4,35.356615,-119.062613,2012,2011,0,0,366,113,202,25,26,0,20.929781420765
"112",219926,"2013-01-01",60290014,27.5,35.356615,-119.062613,2013,2012,0,0,365,97,240,19,9,0,18.6197260273973
"113",219988,"2015-01-01",60290014,34.5,35.356615,-119.062613,2015,2014,0,0,365,130,190,31,14,0,19.7378082191781
"114",220019,"2016-01-01",60290014,54.6,35.356615,-119.062613,2016,2015,0,0,366,178,169,17,2,0,15.353825136612
"115",220050,"2017-01-01",60290014,8.1,35.356615,-119.062613,2017,2016,0,0,365,201,143,17,3,0,14.0146575342466
"116",220112,"2019-01-01",60290014,37.8,35.356615,-119.062613,2019,2018,0,0,365,210,123,26,6,0,15.0358904109589
"117",220143,"2020-01-01",60290014,37.7,35.356615,-119.062613,2020,2019,0,0,366,227,134,5,0,0,12.6352459016393
"118",220174,"2021-01-01",60290014,31.5,35.356615,-119.062613,2021,2020,0,0,365,154,153,43,14,1,20.7004109589041
"119",220205,"2022-01-01",60290014,18.1,35.356615,-119.062613,2022,2021,0,0,365,183,137,37,8,0,17.7745205479452
"120",220236,"2023-01-01",60290014,7.2,35.356615,-119.062613,2023,2022,0,0,365,216,125,23,1,0,13.7782191780822
"121",240862,"2021-01-01",60290018,1.7,35.6429431008838,-117.715066487047,2021,2020,0,0,365,310,40,10,5,0,7.95452054794521
"122",256137,"2009-01-01",60310004,31.8,36.102244,-119.56565,2009,2008,0,0,365,132,182,35,16,0,20.1584931506849
"123",256385,"2018-01-01",60310004,68.7,36.102244,-119.56565,2018,2017,0,0,365,178,150,17,20,0,17.9775342465753
"124",256447,"2020-01-01",60310004,27.5,36.102244,-119.56565,2020,2019,0,0,366,233,118,11,1,0,12.7078512396694
"125",256478,"2021-01-01",60310004,21.1,36.102244,-119.56565,2021,2020,0,2,365,184,129,39,13,0,19.2021917808219
"126",263137,"2021-01-01",60311004,22.9,36.31567,-119.643447,2021,2020,0,0,365,185,119,47,14,0,19.9893150684932
"127",275273,"2003-01-01",60370002,12.1,34.1365,-117.92391,2003,2002,0,0,365,105,218,37,5,0,19.9612328767123
"128",275800,"2020-01-01",60370002,8.4,34.1365,-117.92391,2020,2019,0,2,366,246,103,2,1,0,10.4053977272727
"129",282763,"2014-01-01",60370016,11.7,34.14435,-117.85036,2014,2013,0,1,365,228,136,0,1,0,10.401095890411
"130",282980,"2021-01-01",60370016,6,34.14435,-117.85036,2021,2020,0,0,365,171,181,6,7,0,14.526301369863
"131",283042,"2023-01-01",60370016,1.4,34.14435,-117.85036,2023,2022,0,0,365,284,80,0,1,0,8.04383561643836
"132",288023,"2003-01-01",60371002,NA,34.17605,-118.31712,2003,2002,1,2,365,49,266,39,0,0,21.7966101694915
"133",288240,"2010-01-01",60371002,26.7,34.17605,-118.31712,2010,2009,0,0,365,61,288,15,0,0,19.5464285714286
"134",288271,"2011-01-01",60371002,34.7,34.17605,-118.31712,2011,2010,0,0,365,89,267,9,0,0,17.3965753424658
"135",288302,"2012-01-01",60371002,19,34.17605,-118.31712,2012,2011,0,0,366,81,268,15,1,0,18.7218579234973
"136",288333,"2013-01-01",60371002,49.7,34.17605,-118.31712,2013,2012,0,0,365,88,266,10,1,0,17.7243835616438
"137",288364,"2014-01-01",60371002,74.7,34.17605,-118.31712,2014,2013,0,0,365,64,291,9,1,0,18.5545205479452
"138",292559,"2005-01-01",60371103,33.1,34.0665900008759,-118.22688,2005,2004,0,0,365,76,259,20,8,0,19.6190082644628
"139",292590,"2006-01-01",60371103,12,34.0665900008759,-118.22688,2006,2005,0,0,365,101,232,27,5,0,19.5779452054795
"140",292714,"2010-01-01",60371103,15.9,34.0665900008759,-118.22688,2010,2009,0,0,365,84,266,14,1,0,18.7354794520548
"141",292745,"2011-01-01",60371103,17.9,34.0665900008759,-118.22688,2011,2010,0,0,365,109,248,8,0,0,16.8191780821918
"142",292776,"2012-01-01",60371103,18.9,34.0665900008759,-118.22688,2012,2011,0,0,366,124,222,17,3,0,16.7601092896175
"143",292807,"2013-01-01",60371103,27.8,34.0665900008759,-118.22688,2013,2012,0,0,365,81,262,20,2,0,19.6256164383562
"144",292838,"2014-01-01",60371103,65,34.0665900008759,-118.22688,2014,2013,0,0,365,69,277,17,1,0,19.7504109589041
"145",292869,"2015-01-01",60371103,27.2,34.0665900008759,-118.22688,2015,2014,0,0,365,61,284,15,5,0,19.8328767123288
"146",292900,"2016-01-01",60371103,12.5,34.0665900008759,-118.22688,2016,2015,0,0,366,126,235,5,0,0,15.3005464480874
"147",292931,"2017-01-01",60371103,14.9,34.0665900008759,-118.22688,2017,2016,0,0,365,154,204,7,0,0,14.2915068493151
"148",292962,"2018-01-01",60371103,65.3,34.0665900008759,-118.22688,2018,2017,0,0,365,116,236,11,2,0,17.3621917808219
"149",292993,"2019-01-01",60371103,19.9,34.0665900008759,-118.22688,2019,2018,0,0,365,143,217,5,0,0,14.9397260273973
"150",293024,"2020-01-01",60371103,18.6,34.0665900008759,-118.22688,2020,2019,0,0,366,155,209,2,0,0,13.7642076502732
"151",293055,"2021-01-01",60371103,20.5,34.0665900008759,-118.22688,2021,2020,0,0,365,177,176,7,4,1,14.8035616438356
"152",293086,"2022-01-01",60371103,12.1,34.0665900008759,-118.22688,2022,2021,0,0,365,134,218,11,2,0,15.3035616438356
"153",293117,"2023-01-01",60371103,5,34.0665900008759,-118.22688,2023,2022,0,0,365,193,171,1,0,0,12.2413698630137
"154",300415,"2011-01-01",60371201,29,34.19925,-118.53276,2011,2010,0,2,365,137,218,9,0,0,15.0806318681319
"155",300446,"2012-01-01",60371201,41.6,34.19925,-118.53276,2012,2011,0,0,366,72,282,8,0,0,18.4875690607735
"156",300508,"2014-01-01",60371201,55.9,34.19925,-118.53276,2014,2013,0,0,365,239,125,0,1,0,11.2334246575342
"157",300601,"2017-01-01",60371201,15.9,34.19925,-118.53276,2017,2016,0,0,365,95,267,3,0,0,17.063698630137
"158",300632,"2018-01-01",60371201,63.7,34.19925,-118.53276,2018,2017,0,0,365,90,268,2,3,0,17.2898071625344
"159",300663,"2019-01-01",60371201,3.3,34.19925,-118.53276,2019,2018,0,0,365,120,243,2,0,0,14.7457534246575
"160",300694,"2020-01-01",60371201,17.5,34.19925,-118.53276,2020,2019,0,0,366,198,167,0,1,0,12.0617486338798
"161",300756,"2022-01-01",60371201,5.2,34.19925,-118.53276,2022,2021,0,0,365,217,144,3,1,0,11.6045205479452
"162",300787,"2023-01-01",60371201,6.6,34.19925,-118.53276,2023,2022,0,0,365,218,147,0,0,0,11.5305479452055
"163",310615,"2020-01-01",60371302,32.7,33.9013890008739,-118.205,2020,2019,0,0,366,236,126,4,0,0,11.8901639344262
"164",310646,"2021-01-01",60371302,102.1,33.9013890008739,-118.205,2021,2020,0,0,365,184,163,13,5,0,15.067397260274
"165",310677,"2022-01-01",60371302,37.7,33.9013890008739,-118.205,2022,2021,0,0,365,155,197,13,0,0,14.8597260273973
"166",310708,"2023-01-01",60371302,7.5,33.9013890008739,-118.205,2023,2022,0,0,365,168,192,5,0,0,13.1583561643836
"167",330272,"2010-01-01",60374002,21.9,33.82376,-118.18921,2010,2009,0,0,365,159,202,4,0,0,13.8793150684932
"168",330303,"2011-01-01",60374002,29.2,33.82376,-118.18921,2011,2010,0,0,365,201,163,1,0,0,12.1219178082192
"169",330334,"2012-01-01",60374002,40.8,33.82376,-118.18921,2012,2011,0,0,366,112,247,7,0,0,16.0188524590164
"170",330365,"2013-01-01",60374002,51.7,33.82376,-118.18921,2013,2012,0,0,365,175,183,6,1,0,13.6717808219178
"171",330613,"2021-01-01",60374002,41.2,33.82376,-118.18921,2021,2020,0,2,365,221,121,7,2,0,12.1433048433048
"172",337546,"2012-01-01",60374004,43.8,33.79236,-118.17533,2012,2011,0,0,366,243,117,4,0,0,11.5846153846154
"173",337608,"2014-01-01",60374004,61.9,33.79236,-118.17533,2014,2013,0,0,365,124,229,10,1,0,15.9727397260274
"174",337670,"2016-01-01",60374004,33.4,33.79236,-118.17533,2016,2015,0,0,366,190,174,2,0,0,12.6103825136612
"175",337701,"2017-01-01",60374004,25.9,33.79236,-118.17533,2017,2016,0,1,365,230,135,0,0,0,11.0112328767123
"176",337732,"2018-01-01",60374004,80.3,33.79236,-118.17533,2018,2017,0,0,365,139,213,11,2,0,15.423698630137
"177",337763,"2019-01-01",60374004,5.6,33.79236,-118.17533,2019,2018,0,0,365,220,141,4,0,0,12.2072602739726
"178",337825,"2021-01-01",60374004,51.3,33.79236,-118.17533,2021,2020,0,0,365,157,196,8,4,0,14.9227397260274
"179",337856,"2022-01-01",60374004,20.6,33.79236,-118.17533,2022,2021,0,0,365,164,196,5,0,0,13.592602739726
"180",344239,"2017-01-01",60374008,43.3,33.8596620008734,-118.200707,2017,2016,0,0,365,128,236,1,0,0,14.1191780821918
"181",344270,"2018-01-01",60374008,111,33.8596620008734,-118.200707,2018,2017,0,0,365,139,211,11,4,0,15.9484931506849
"182",344301,"2019-01-01",60374008,14.8,33.8596620008734,-118.200707,2019,2018,0,0,365,161,195,9,0,0,13.9080821917808
"183",344332,"2020-01-01",60374008,36,33.8596620008734,-118.200707,2020,2019,0,0,366,164,197,5,0,0,14.0281420765027
"184",344363,"2021-01-01",60374008,103.2,33.8596620008734,-118.200707,2021,2020,0,0,365,157,192,12,3,0,15.6180821917808
"185",344394,"2022-01-01",60374008,33,33.8596620008734,-118.200707,2022,2021,0,0,365,155,204,6,0,0,14.2931506849315
"186",344425,"2023-01-01",60374008,8.3,33.8596620008734,-118.200707,2023,2022,0,0,365,162,202,1,0,0,13.6187671232877
"187",347585,"2023-01-01",60374010,3.6,34.1819770008773,-118.363036,2023,2022,0,0,365,184,180,1,0,0,11.9282191780822
"188",348678,"2010-01-01",60376012,5.8,34.38344,-118.5284,2010,2009,0,0,365,168,193,2,0,0,14.5866391184573
"189",348709,"2011-01-01",60376012,15,34.38344,-118.5284,2011,2010,0,0,365,173,190,2,0,0,13.6802739726027
"190",348740,"2012-01-01",60376012,6,34.38344,-118.5284,2012,2011,0,0,366,204,161,1,0,0,11.9658469945355
"191",348771,"2013-01-01",60376012,10,34.38344,-118.5284,2013,2012,0,0,365,243,122,0,0,0,9.97438356164383
"192",348802,"2014-01-01",60376012,6.9,34.38344,-118.5284,2014,2013,0,0,365,249,116,0,0,0,10.0031506849315
"193",348895,"2017-01-01",60376012,7.8,34.38344,-118.5284,2017,2016,0,0,365,245,120,0,0,0,9.63232876712329
"194",349019,"2021-01-01",60376012,2.7,34.38344,-118.5284,2021,2020,0,0,365,275,85,5,0,0,9.02109589041096
"195",349081,"2023-01-01",60376012,4.7,34.38344,-118.5284,2023,2022,0,0,365,297,68,0,0,0,9.04027397260274
"196",355440,"2019-01-01",60379033,2,34.6697390008831,-118.130511,2019,2018,0,0,365,336,28,1,0,0,6.89506849315068
"197",369316,"2016-01-01",60392010,37,36.953256,-120.034203,2016,2015,0,0,366,209,151,6,0,0,12.5241803278689
"198",369347,"2017-01-01",60392010,11.4,36.953256,-120.034203,2017,2016,0,0,365,239,119,4,0,0,11.0928374655647
"199",369471,"2021-01-01",60392010,25.9,36.953256,-120.034203,2021,2020,0,2,365,213,112,22,17,1,17.3257534246575
"200",374035,"2018-01-01",60410001,10.1,37.97231,-122.520004,2018,2017,0,0,365,295,61,6,3,0,10.0982191780822
"201",394497,"2023-01-01",60431001,0.4,37.748707,-119.587094,2023,2022,0,2,365,294,42,7,22,0,12.4706849315068
"202",401248,"2010-01-01",60450006,7.4,39.15047,-123.20655,2010,2009,0,0,365,219,146,0,0,0,10.2276712328767
"203",401279,"2011-01-01",60450006,5.2,39.15047,-123.20655,2011,2010,0,0,365,346,19,0,0,0,6.91753424657534
"204",401434,"2017-01-01",60450006,11.3,39.15047,-123.20655,2017,2016,0,2,365,332,33,0,0,0,6.55945205479452
"205",401465,"2018-01-01",60450006,21.9,39.15047,-123.20655,2018,2017,0,0,365,285,74,5,1,0,9.61698630136986
"206",401496,"2019-01-01",60450006,12.5,39.15047,-123.20655,2019,2018,0,0,365,296,49,12,6,2,11.447397260274
"207",408887,"2017-01-01",60452002,7.3,39.41174,-123.35264,2017,2016,0,0,365,348,17,0,0,0,6.06301369863014
"208",418931,"2022-01-01",60472510,19,37.30832,-120.480456,2022,2021,0,0,365,240,113,10,2,0,12.0013698630137
"209",426135,"2020-01-01",60510001,17.2,37.64571,-118.96652,2020,2019,0,0,366,300,65,1,0,0,8.04576502732241
"210",426166,"2021-01-01",60510001,26.7,37.64571,-118.96652,2021,2020,0,0,365,226,88,6,17,28,38.2976712328767
"211",428661,"2023-01-01",60510005,0.5,37.962069,-119.120278,2023,2022,0,0,365,346,15,2,2,0,4.6241095890411
"212",437821,"2013-01-01",60530002,7.2,36.4818700009023,-121.73333,2013,2012,0,0,365,355,10,0,0,0,5.89753424657534
"213",446285,"2014-01-01",60531003,17.2,36.6942610009043,-121.623271,2014,2013,0,2,365,340,25,0,0,0,6.62342465753425
"214",446347,"2016-01-01",60531003,20.9,36.6942610009043,-121.623271,2016,2015,0,0,366,358,8,0,0,0,4.66885245901639
"215",446378,"2017-01-01",60531003,15.9,36.6942610009043,-121.623271,2017,2016,0,0,365,355,10,0,0,0,5.43424657534247
"216",446440,"2019-01-01",60531003,18.8,36.6942610009043,-121.623271,2019,2018,0,0,365,341,17,4,2,0,6.39010989010989
"217",446502,"2021-01-01",60531003,19.6,36.6942610009043,-121.623271,2021,2020,0,0,365,333,23,4,5,0,7.4672602739726
"218",446564,"2023-01-01",60531003,9,36.6942610009043,-121.623271,2023,2022,0,0,365,348,16,0,0,0,5.50192307692308
"219",453738,"2011-01-01",60550003,8.5,38.310942,-122.296189,2011,2010,0,0,365,294,71,0,0,0,8.92904109589041
"220",453862,"2015-01-01",60550003,34.6,38.310942,-122.296189,2015,2014,0,0,365,205,158,0,0,0,12.5381542699725
"221",459376,"2020-01-01",60570005,11.4,39.2334770009245,-121.055608,2020,2019,0,0,366,363,3,0,0,0,6.29303278688525
"222",466643,"2008-01-01",60571001,32.3,39.3278300009251,-120.184592,2008,2007,0,1,366,260,101,0,0,0,10.212188365651
"223",474190,"2005-01-01",60590007,26.8,33.83062,-117.93845,2005,2004,0,2,365,130,216,15,4,0,16.488904109589
"224",474221,"2006-01-01",60590007,12.6,33.83062,-117.93845,2006,2005,0,0,365,127,218,17,2,0,16.4877747252747
"225",474345,"2010-01-01",60590007,17.6,33.83062,-117.93845,2010,2009,0,0,365,136,222,7,0,0,15.3446575342466
"226",474376,"2011-01-01",60590007,16.1,33.83062,-117.93845,2011,2010,0,0,365,139,223,2,0,0,14.4624657534247
"227",474407,"2012-01-01",60590007,50.1,33.83062,-117.93845,2012,2011,0,0,366,99,257,10,0,0,16.6191256830601
"228",474500,"2015-01-01",60590007,28.8,33.83062,-117.93845,2015,2014,0,0,365,92,261,12,0,0,16.3671232876712
"229",474531,"2016-01-01",60590007,7.4,33.83062,-117.93845,2016,2015,0,0,366,156,209,1,0,0,13.6747267759563
"230",474562,"2017-01-01",60590007,15.6,33.83062,-117.93845,2017,2016,0,0,365,197,167,1,0,0,12.0753424657534
"231",474593,"2018-01-01",60590007,58.2,33.83062,-117.93845,2018,2017,0,0,365,180,172,9,3,0,14.4904109589041
"232",474624,"2019-01-01",60590007,2.7,33.83062,-117.93845,2019,2018,0,0,365,233,128,4,0,0,11.4095890410959
"233",474655,"2020-01-01",60590007,15.1,33.83062,-117.93845,2020,2019,0,0,366,249,112,5,0,0,10.7565573770492
"234",474686,"2021-01-01",60590007,16.2,33.83062,-117.93845,2021,2020,0,0,365,225,129,9,2,0,12.4468493150685
"235",474717,"2022-01-01",60590007,11.3,33.83062,-117.93845,2022,2021,0,0,365,259,96,10,0,0,11.6701369863014
"236",482356,"2021-01-01",60592022,3.7,33.63003,-117.67593,2021,2020,0,2,365,274,81,7,0,0,10.0281767955801
"237",482387,"2022-01-01",60592022,7.2,33.63003,-117.67593,2022,2021,0,0,365,282,83,0,0,0,9.80424657534247
"238",489104,"2016-01-01",60610003,13.3,38.93568,-121.09959,2016,2015,0,0,366,346,19,0,1,0,7.15300546448087
"239",489135,"2017-01-01",60610003,7.5,38.93568,-121.09959,2017,2016,0,0,365,340,25,0,0,0,5.51082191780822
"240",489321,"2023-01-01",60610003,0,38.93568,-121.09959,2023,2022,0,0,365,345,11,2,3,3,6.65082417582418
"241",494704,"2009-01-01",60610006,18.7,38.74643,-121.26498,2009,2008,0,0,365,249,100,6,10,0,13.4021917808219
"242",494797,"2012-01-01",60610006,24.2,38.74643,-121.26498,2012,2011,0,2,366,261,98,5,0,0,10.5361263736264
"243",494828,"2013-01-01",60610006,17,38.74643,-121.26498,2013,2012,0,0,365,281,84,0,0,0,9.65712328767123
"244",494983,"2018-01-01",60610006,20.5,38.74643,-121.26498,2018,2017,0,0,365,312,51,0,0,0,7.23608815426997
"245",502219,"2021-01-01",60611004,3.2,39.1660166666667,-120.148833333333,2021,2020,0,0,365,323,22,6,13,0,7.72438356164384
"246",502281,"2023-01-01",60611004,1.3,39.1660166666667,-120.148833333333,2023,2022,0,1,365,351,7,2,3,2,6.11972602739726
"247",517805,"2022-01-01",60631010,40.3,39.81336,-120.47069,2022,2021,0,0,365,148,164,34,18,1,21.4742465753425
"248",527720,"2009-01-01",60650012,10.4,33.92086,-116.85841,2009,2008,0,2,365,141,218,6,0,0,15.0883561643836
"249",527751,"2010-01-01",60650012,2.4,33.92086,-116.85841,2010,2009,0,0,365,177,184,4,0,0,13.5506849315068
"250",528061,"2020-01-01",60650012,6.2,33.92086,-116.85841,2020,2019,0,0,366,280,86,0,0,0,9.28879781420765
"251",528092,"2021-01-01",60650012,8.9,33.92086,-116.85841,2021,2020,0,0,365,254,108,3,0,0,10.8564383561644
"252",528123,"2022-01-01",60650012,6.9,33.92086,-116.85841,2022,2021,0,0,365,209,155,1,0,0,11.3901369863014
"253",533289,"2014-01-01",60650016,8.3,33.5830180008699,-117.072202,2014,2013,0,0,365,320,45,0,0,0,8.13904109589041
"254",533475,"2020-01-01",60650016,9.1,33.5830180008699,-117.072202,2020,2019,0,0,366,343,23,0,0,0,7.90081967213115
"255",533506,"2021-01-01",60650016,4.2,33.5830180008699,-117.072202,2021,2020,0,0,365,283,81,1,0,0,9.54712328767123
"256",533537,"2022-01-01",60650016,5.3,33.5830180008699,-117.072202,2022,2021,0,0,365,311,54,0,0,0,8.54301369863014
"257",533568,"2023-01-01",60650016,6.4,33.5830180008699,-117.072202,2023,2022,0,1,365,321,44,0,0,0,8.56849315068493
"258",537610,"2021-01-01",60650500,3.9,33.7196900008716,-116.1897,2021,2020,0,0,365,309,55,1,0,0,8.46041095890411
"259",539288,"2011-01-01",60651003,3.1,33.94603,-117.40063,2011,2010,0,0,365,183,174,3,1,0,13.1916897506925
"260",539319,"2012-01-01",60651003,11.1,33.94603,-117.40063,2012,2011,0,0,366,138,221,4,3,0,15.4908469945355
"261",539381,"2014-01-01",60651003,43.3,33.94603,-117.40063,2014,2013,0,0,365,104,246,14,1,0,17.243698630137
"262",543946,"2019-01-01",60651016,0.9,33.9447129,-116.830074,2019,2018,0,0,365,245,119,1,0,0,9.01506849315068
"263",548394,"2019-01-01",60652002,NA,33.70853,-116.21537,2019,2018,1,2,365,306,48,0,0,0,8.52683615819209
"264",548456,"2021-01-01",60652002,9.2,33.70853,-116.21537,2021,2020,0,0,365,220,143,2,0,0,11.3591780821918
"265",548487,"2022-01-01",60652002,12.2,33.70853,-116.21537,2022,2021,0,0,365,256,109,0,0,0,10.4298630136986
"266",555577,"2021-01-01",60655001,1.5,33.85275,-116.54101,2021,2020,0,2,365,328,23,0,0,0,6.32450142450142
"267",555608,"2022-01-01",60655001,NA,33.85275,-116.54101,2022,2021,1,2,365,347,7,0,0,0,6.08276836158192
"268",562506,"2004-01-01",60658001,44.1,33.9995800008751,-117.41601,2004,2003,0,2,366,73,209,68,15,0,25.4882513661202
"269",562537,"2005-01-01",60658001,25.7,33.9995800008751,-117.41601,2005,2004,0,2,365,79,231,41,13,0,22.6392857142857
"270",562568,"2006-01-01",60658001,NA,33.9995800008751,-117.41601,2006,2005,1,2,365,76,235,43,9,0,22.6192307692308
"271",562630,"2008-01-01",60658001,41.7,33.9995800008751,-117.41601,2008,2007,0,0,366,90,237,30,9,0,20.3218579234973
"272",562661,"2009-01-01",60658001,69.6,33.9995800008751,-117.41601,2009,2008,0,1,365,93,236,32,4,0,19.6190410958904
"273",562692,"2010-01-01",60658001,26.8,33.9995800008751,-117.41601,2010,2009,0,0,365,89,246,30,0,0,19.7438356164384
"274",562723,"2011-01-01",60658001,22.7,33.9995800008751,-117.41601,2011,2010,0,0,365,105,250,9,1,0,17.5423287671233
"275",562754,"2012-01-01",60658001,9.6,33.9995800008751,-117.41601,2012,2011,0,0,366,97,248,19,2,0,18.9516393442623
"276",562785,"2013-01-01",60658001,33.8,33.9995800008751,-117.41601,2013,2012,0,0,365,102,243,20,0,0,17.8923287671233
"277",562816,"2014-01-01",60658001,49.4,33.9995800008751,-117.41601,2014,2013,0,2,365,106,241,16,2,0,17.6427397260274
"278",562847,"2015-01-01",60658001,48,33.9995800008751,-117.41601,2015,2014,0,0,365,85,258,21,1,0,17.967397260274
"279",562878,"2016-01-01",60658001,7.6,33.9995800008751,-117.41601,2016,2015,0,0,366,138,226,2,0,0,14.6647540983607
"280",562909,"2017-01-01",60658001,16.4,33.9995800008751,-117.41601,2017,2016,0,0,365,131,227,6,1,0,15.0254794520548
"281",562940,"2018-01-01",60658001,68.3,33.9995800008751,-117.41601,2018,2017,0,0,365,134,223,7,1,0,15.5917808219178
"282",562971,"2019-01-01",60658001,2.5,33.9995800008751,-117.41601,2019,2018,0,0,365,171,191,3,0,0,13.3132876712329
"283",563002,"2020-01-01",60658001,19.5,33.9995800008751,-117.41601,2020,2019,0,0,366,192,168,5,1,0,12.5071038251366
"284",563033,"2021-01-01",60658001,3,33.9995800008751,-117.41601,2021,2020,0,0,365,151,203,9,2,0,14.1757534246575
"285",563064,"2022-01-01",60658001,8,33.9995800008751,-117.41601,2022,2021,0,0,365,205,150,7,3,0,12.8819178082192
"286",563095,"2023-01-01",60658001,5.5,33.9995800008751,-117.41601,2023,2022,0,0,365,228,136,1,0,0,11.0553424657534
"287",570269,"2010-01-01",60658005,54.2,33.996360000875,-117.4924,2010,2009,0,0,365,84,255,26,0,0,19.3895890410959
"288",570300,"2011-01-01",60658005,23,33.996360000875,-117.4924,2011,2010,0,0,365,82,270,13,0,0,19.3380821917808
"289",570331,"2012-01-01",60658005,25.2,33.996360000875,-117.4924,2012,2011,0,0,366,60,267,37,2,0,22.2860655737705
"290",570362,"2013-01-01",60658005,49.7,33.996360000875,-117.4924,2013,2012,0,0,365,65,281,18,0,0,19.9876373626374
"291",570393,"2014-01-01",60658005,73.6,33.996360000875,-117.4924,2014,2013,0,0,365,67,274,20,4,0,19.9701369863014
"292",570455,"2016-01-01",60658005,8.5,33.996360000875,-117.4924,2016,2015,0,0,366,107,256,3,0,0,16.9260928961749
"293",570486,"2017-01-01",60658005,19.5,33.996360000875,-117.4924,2017,2016,0,0,365,130,227,7,0,0,15.4813186813187
"294",570517,"2018-01-01",60658005,89.1,33.996360000875,-117.4924,2018,2017,0,0,365,118,235,9,3,0,16.8328767123288
"295",570579,"2020-01-01",60658005,21.6,33.996360000875,-117.4924,2020,2019,0,0,366,157,198,10,1,0,13.8651639344262
"296",570610,"2021-01-01",60658005,8.7,33.996360000875,-117.4924,2021,2020,0,0,365,119,230,15,1,0,16.0695890410959
"297",570641,"2022-01-01",60658005,14.4,33.996360000875,-117.4924,2022,2021,0,0,365,133,219,9,4,0,15.4578082191781
"298",570672,"2023-01-01",60658005,7.8,33.996360000875,-117.4924,2023,2022,0,0,365,173,191,1,0,0,12.6361643835616
"299",584303,"2017-01-01",60659001,5,33.67649,-117.33098,2017,2016,0,0,365,274,91,0,0,0,9.63095890410959
"300",584396,"2020-01-01",60659001,9.4,33.67649,-117.33098,2020,2019,0,2,366,350,16,0,0,0,5.05286885245902
"301",584427,"2021-01-01",60659001,0.8,33.67649,-117.33098,2021,2020,0,0,365,328,34,3,0,0,6.87123287671233
"302",584458,"2022-01-01",60659001,3.3,33.67649,-117.33098,2022,2021,0,0,365,328,37,0,0,0,6.67780821917808
"303",584489,"2023-01-01",60659001,3.2,33.67649,-117.33098,2023,2022,0,0,365,348,17,0,0,0,5.79917808219178
"304",589624,"2005-01-01",60670006,8.7,38.6137790009202,-121.368014,2005,2004,0,0,365,254,85,18,0,0,12.5064425770308
"305",589655,"2006-01-01",60670006,4,38.6137790009202,-121.368014,2006,2005,0,1,365,253,87,13,7,0,12.8563888888889
"306",589686,"2007-01-01",60670006,37,38.6137790009202,-121.368014,2007,2006,0,0,365,197,124,26,14,0,16.0984764542936
"307",589748,"2009-01-01",60670006,20.2,38.6137790009202,-121.368014,2009,2008,0,2,365,206,114,25,6,0,14.7961538461538
"308",589810,"2011-01-01",60670006,6.6,38.6137790009202,-121.368014,2011,2010,0,0,365,289,74,2,0,0,8.93753424657534
"309",589841,"2012-01-01",60670006,35.1,38.6137790009202,-121.368014,2012,2011,0,0,366,256,94,11,4,0,11.9997267759563
"310",589872,"2013-01-01",60670006,36.2,38.6137790009202,-121.368014,2013,2012,0,1,365,269,86,4,0,0,10.2126740947075
"311",589903,"2014-01-01",60670006,32.2,38.6137790009202,-121.368014,2014,2013,0,0,365,259,93,11,1,0,11.3197802197802
"312",589934,"2015-01-01",60670006,52.1,38.6137790009202,-121.368014,2015,2014,0,0,365,281,75,9,0,0,10.0983561643836
"313",589965,"2016-01-01",60670006,26.7,38.6137790009202,-121.368014,2016,2015,0,0,366,235,131,0,0,0,10.8292349726776
"314",589996,"2017-01-01",60670006,13.2,38.6137790009202,-121.368014,2017,2016,0,0,365,268,87,9,1,0,10.8279452054795
"315",590027,"2018-01-01",60670006,50.4,38.6137790009202,-121.368014,2018,2017,0,0,365,205,144,16,0,0,14.08
"316",590058,"2019-01-01",60670006,5.3,38.6137790009202,-121.368014,2019,2018,0,0,365,234,114,7,5,5,15.42
"317",590089,"2020-01-01",60670006,30.2,38.6137790009202,-121.368014,2020,2019,0,0,366,273,93,0,0,0,9.49972677595628
"318",590151,"2022-01-01",60670006,13.4,38.6137790009202,-121.368014,2022,2021,0,0,365,239,116,9,1,0,12.1035616438356
"319",597325,"2006-01-01",60670010,6.9,38.56844,-121.49311,2006,2005,0,0,365,172,180,10,3,0,14.8180821917808
"320",597356,"2007-01-01",60670010,24,38.56844,-121.49311,2007,2006,0,0,365,207,124,33,1,0,14.3424657534247
"321",597387,"2008-01-01",60670010,23,38.56844,-121.49311,2008,2007,0,2,366,206,146,10,1,0,12.7347107438017
"322",597480,"2011-01-01",60670010,6.2,38.56844,-121.49311,2011,2010,0,0,365,276,86,3,0,0,9.84671232876712
"323",597511,"2012-01-01",60670010,26.7,38.56844,-121.49311,2012,2011,0,0,366,279,73,12,0,0,10.3425824175824
"324",597542,"2013-01-01",60670010,26.2,38.56844,-121.49311,2013,2012,0,0,365,291,74,0,0,0,8.86986301369863
"325",597573,"2014-01-01",60670010,33.2,38.56844,-121.49311,2014,2013,0,1,365,235,123,5,0,0,11.5432506887052
"326",597666,"2017-01-01",60670010,7.8,38.56844,-121.49311,2017,2016,0,2,365,308,55,1,0,0,7.96744505494506
"327",597759,"2020-01-01",60670010,24.5,38.56844,-121.49311,2020,2019,0,0,366,297,69,0,0,0,8.00013661202186
"328",597790,"2021-01-01",60670010,26.9,38.56844,-121.49311,2021,2020,0,2,365,243,100,10,11,0,13.1657534246575
"329",605057,"2019-01-01",60670012,4.7,38.683304,-121.164457,2019,2018,0,0,365,285,71,4,5,0,10.3958904109589
"330",605119,"2022-01-01",60670012,10.1,38.683304,-121.164457,2022,2021,0,0,365,275,80,6,3,1,10.9786301369863
"331",605150,"2023-01-01",60670012,3.5,38.683304,-121.164457,2023,2022,0,0,365,329,34,0,2,0,6.80904109589041
"332",624048,"2013-01-01",60690003,5,36.48324,-121.15688,2013,2012,0,2,365,351,0,0,0,0,3.67749287749288
"333",624172,"2017-01-01",60690003,5.4,36.48324,-121.15688,2017,2016,0,2,365,344,7,0,0,0,4.1977207977208
"334",624203,"2018-01-01",60690003,NA,36.48324,-121.15688,2018,2017,1,2,365,342,12,0,0,0,4.61440677966102
"335",631442,"2013-01-01",60710005,15.2,34.2431,-117.27235,2013,2012,0,0,365,276,89,0,0,0,9.03424657534247
"336",631628,"2019-01-01",60710005,3,34.2431,-117.27235,2019,2018,0,0,365,297,68,0,0,0,8.70698630136986
"337",640758,"2020-01-01",60710027,22.8,34.030833,-117.61722,2020,2019,0,0,366,95,261,9,1,0,16.4568306010929
"338",640789,"2021-01-01",60710027,9.5,34.030833,-117.61722,2021,2020,0,0,365,116,233,14,2,0,17.2002739726027
"339",640820,"2022-01-01",60710027,21,34.030833,-117.61722,2022,2021,0,0,365,88,265,7,5,0,17.2993150684932
"340",640851,"2023-01-01",60710027,6.7,34.030833,-117.61722,2023,2022,0,0,365,106,258,1,0,0,15.7454794520548
"341",643987,"2019-01-01",60710306,4.5,34.5109611108812,-117.32554,2019,2018,0,0,365,316,49,0,0,0,8.40684931506849
"342",644049,"2021-01-01",60710306,10.2,34.5109611108812,-117.32554,2021,2020,0,0,365,262,99,4,0,0,10.7639726027397
"343",644111,"2023-01-01",60710306,2.2,34.5109611108812,-117.32554,2023,2022,0,0,365,309,56,0,0,0,8.78191780821918
"344",650222,"2014-01-01",60711004,20.3,34.10374,-117.62914,2014,2013,0,0,365,112,242,8,1,0,17.4843835616438
"345",650315,"2017-01-01",60711004,13.6,34.10374,-117.62914,2017,2016,0,0,365,105,254,5,1,0,17.501095890411
"346",650501,"2023-01-01",60711004,5,34.10374,-117.62914,2023,2022,0,0,365,242,122,0,1,0,10.701095890411
"347",655184,"2006-01-01",60712002,NA,34.10002,-117.49201,2006,2005,1,2,365,66,259,24,5,0,21.7652542372881
"348",655680,"2022-01-01",60712002,NA,34.10002,-117.49201,2022,2021,1,2,365,185,161,8,0,0,12.5026836158192
"349",670593,"2018-01-01",60719002,NA,34.06957,-116.38893,2018,2017,1,2,365,352,2,0,0,0,3.64689265536723
"350",685442,"2011-01-01",60719010,NA,34.1939253249244,-116.914063106369,2011,2010,1,2,365,354,0,0,0,0,3.60028248587571
"351",685535,"2014-01-01",60719010,NA,34.1939253249244,-116.914063106369,2014,2013,1,2,365,351,3,0,0,0,3.91638418079096
"352",700754,"2012-01-01",60730003,37.7,32.7911940008595,-116.942092,2012,2011,0,0,366,153,211,2,0,0,13.7558743169399
"353",700785,"2013-01-01",60730003,23.3,32.7911940008595,-116.942092,2013,2012,0,1,365,150,215,0,0,0,13.7308219178082
"354",708542,"2023-01-01",60730077,2.3,32.6509000008575,-116.365,2023,2022,0,0,365,351,14,0,0,0,6.00164383561644
"355",709058,"2004-01-01",60731002,67.3,33.127769000864,-117.075086,2004,2003,0,0,366,140,215,8,2,0,15.4957534246575
"356",709244,"2010-01-01",60731002,48.4,33.127769000864,-117.075086,2010,2009,0,2,365,120,242,2,1,0,14.8980821917808
"357",709275,"2011-01-01",60731002,72,33.127769000864,-117.075086,2011,2010,0,0,365,150,212,2,1,0,14.2594520547945
"358",709306,"2012-01-01",60731002,82.8,33.127769000864,-117.075086,2012,2011,0,0,366,111,251,2,1,0,15.0493169398907
"359",709337,"2013-01-01",60731002,62.3,33.127769000864,-117.075086,2013,2012,0,0,365,182,182,0,1,0,12.5398630136986
"360",709368,"2014-01-01",60731002,82.3,33.127769000864,-117.075086,2014,2013,0,0,365,145,217,2,1,0,13.7867123287671
"361",723670,"2012-01-01",60731010,36.1,32.7014920008583,-117.149653,2012,2011,0,0,366,216,147,2,0,0,12.1161643835616
"362",723701,"2013-01-01",60731010,14.6,32.7014920008583,-117.149653,2013,2012,0,0,365,224,138,3,0,0,11.662602739726
"363",723732,"2014-01-01",60731010,37.2,32.7014920008583,-117.149653,2014,2013,0,0,365,216,147,2,0,0,11.7346575342466
"364",723763,"2015-01-01",60731010,18.7,32.7014920008583,-117.149653,2015,2014,0,0,365,273,91,1,0,0,10.286301369863
"365",723794,"2016-01-01",60731010,25.1,32.7014920008583,-117.149653,2016,2015,0,0,366,294,72,0,0,0,9.49754098360656
"366",738637,"2021-01-01",60731017,7.9,32.985442,-117.08218,2021,2020,0,2,365,300,48,3,0,0,9.15783475783476
"367",741132,"2019-01-01",60731022,15.3,32.7895650008594,-116.944308,2019,2018,0,0,365,271,94,0,0,0,9.64890410958904
"368",741163,"2020-01-01",60731022,22.7,32.7895650008594,-116.944308,2020,2019,0,1,366,267,99,0,0,0,9.70928961748634
"369",741194,"2021-01-01",60731022,30.2,32.7895650008594,-116.944308,2021,2020,0,0,365,226,136,3,0,0,11.1928767123288
"370",741225,"2022-01-01",60731022,11.8,32.7895650008594,-116.944308,2022,2021,0,0,365,282,83,0,0,0,9.76301369863014
"371",741256,"2023-01-01",60731022,9.8,32.7895650008594,-116.944308,2023,2022,0,0,365,274,91,0,0,0,9.70246575342466
"372",743657,"2021-01-01",60731026,23,32.7101770008584,-117.142665,2021,2020,0,0,365,257,102,6,0,0,10.5654794520548
"373",743688,"2022-01-01",60731026,16.7,32.7101770008584,-117.142665,2022,2021,0,0,365,302,63,0,0,0,9.2241095890411
"374",743719,"2023-01-01",60731026,11.3,32.7101770008584,-117.142665,2023,2022,0,0,365,262,103,0,0,0,9.91904109589041
"375",744965,"2010-01-01",60731201,0,33.3625928342781,-117.090229999878,2010,2009,0,0,365,365,0,0,0,0,0.000547945205479452
"376",745058,"2013-01-01",60731201,7.6,33.3625928342781,-117.090229999878,2013,2012,0,0,365,263,102,0,0,0,9.59616438356164
"377",745089,"2014-01-01",60731201,12.8,33.3625928342781,-117.090229999878,2014,2013,0,0,365,288,77,0,0,0,8.90287671232877
"378",745182,"2017-01-01",60731201,2.6,33.3625928342781,-117.090229999878,2017,2016,0,0,365,338,27,0,0,0,7.17205479452055
"379",745337,"2022-01-01",60731201,8,33.3625928342781,-117.090229999878,2022,2021,0,0,365,254,111,0,0,0,9.97178082191781
"380",745368,"2023-01-01",60731201,4.7,33.3625928342781,-117.090229999878,2023,2022,0,0,365,298,67,0,0,0,7.18904109589041
"381",750260,"2005-01-01",60750005,2,37.765946,-122.399044,2005,2004,0,0,365,254,104,7,0,0,11.0313698630137
"382",750322,"2007-01-01",60750005,27,37.765946,-122.399044,2007,2006,0,0,365,277,82,6,0,0,9.41561643835616
"383",750353,"2008-01-01",60750005,19.4,37.765946,-122.399044,2008,2007,0,0,366,300,66,0,0,0,8.50628415300547
"384",750384,"2009-01-01",60750005,31.4,37.765946,-122.399044,2009,2008,0,0,365,211,148,6,0,0,12.308904109589
"385",750415,"2010-01-01",60750005,NA,37.765946,-122.399044,2010,2009,1,1,365,207,153,4,0,0,12.2862637362637
"386",758325,"2005-01-01",60771002,4,37.9507408985318,-121.268522670981,2005,2004,0,2,365,234,110,5,0,0,12.6275071633238
"387",758387,"2007-01-01",60771002,NA,37.9507408985318,-121.268522670981,2007,2006,1,2,365,215,115,24,0,0,14.0790960451977
"388",758542,"2012-01-01",60771002,23.7,37.9507408985318,-121.268522670981,2012,2011,0,0,366,234,110,17,5,0,13.8732240437158
"389",758635,"2015-01-01",60771002,31.1,37.9507408985318,-121.268522670981,2015,2014,0,2,365,225,128,11,1,0,12.652602739726
"390",758821,"2021-01-01",60771002,25.1,37.9507408985318,-121.268522670981,2021,2020,0,0,365,225,114,12,14,0,14.8679452054795
"391",765994,"2012-01-01",60772010,20.3,37.793392,-121.247874,2012,2011,0,0,366,267,81,16,1,0,10.6456164383562
"392",766273,"2021-01-01",60772010,24.7,37.793392,-121.247874,2021,2020,0,0,365,233,105,11,15,0,15.1506849315068
"393",777773,"2017-01-01",60792004,3.4,35.02083,-120.56388,2017,2016,0,0,365,337,28,0,0,0,5.59342465753425
"394",792561,"2022-01-01",60792020,4.3,35.2595015184308,-120.644719880058,2022,2021,0,0,365,352,11,0,0,0,6.05151515151515
"395",792592,"2023-01-01",60792020,9.6,35.2595015184308,-120.644719880058,2023,2022,0,0,365,346,19,0,0,0,6.03356164383562
"396",801141,"2007-01-01",60811001,21.5,37.482934,-122.20337,2007,2006,0,0,365,268,90,6,1,0,9.94520547945205
"397",801203,"2009-01-01",60811001,26.6,37.482934,-122.20337,2009,2008,0,0,365,240,124,1,0,0,10.8267123287671
"398",801637,"2023-01-01",60811001,4.7,37.482934,-122.20337,2023,2022,0,1,365,340,25,0,0,0,5.7327397260274
"399",809121,"2019-01-01",60830011,9.6,34.4277749961254,-119.691217778642,2019,2018,0,0,365,317,47,1,0,0,7.95698630136986
"400",822902,"2022-01-01",60832004,5.5,34.6378200008827,-120.4575,2022,2021,0,0,365,350,13,0,0,0,5.57190082644628
"401",825945,"2023-01-01",60832011,5,34.4455100008805,-119.8284,2023,2022,0,0,365,354,11,0,0,0,5.05945205479452
"402",836623,"2008-01-01",60850002,17.4,36.999571,-121.574684,2008,2007,0,2,366,312,40,0,0,0,7.30255681818182
"403",836685,"2010-01-01",60850002,14,36.999571,-121.574684,2010,2009,0,0,365,299,59,1,0,0,8.8591922005571
"404",836747,"2012-01-01",60850002,12.2,36.999571,-121.574684,2012,2011,0,0,366,314,51,1,0,0,8.03306010928962
"405",837026,"2021-01-01",60850002,15.5,36.999571,-121.574684,2021,2020,0,0,365,316,35,7,7,0,9.67479452054794
"406",837057,"2022-01-01",60850002,8,36.999571,-121.574684,2022,2021,0,0,365,347,18,0,0,0,5.54383561643836
"407",842621,"2005-01-01",60850005,6.9,37.348497,-121.894898,2005,2004,0,0,365,248,98,18,0,0,12.0603021978022
"408",842652,"2006-01-01",60850005,2.2,37.348497,-121.894898,2006,2005,0,0,365,236,121,8,0,0,11.6975342465753
"409",842714,"2008-01-01",60850005,40.8,37.348497,-121.894898,2008,2007,0,0,366,266,95,5,0,0,10.7321038251366
"410",842745,"2009-01-01",60850005,25.7,37.348497,-121.894898,2009,2008,0,0,365,219,142,4,0,0,12.5731506849315
"411",842807,"2011-01-01",60850005,3,37.348497,-121.894898,2011,2010,0,0,365,283,81,1,0,0,9.48794520547945
"412",842838,"2012-01-01",60850005,26.9,37.348497,-121.894898,2012,2011,0,0,366,232,129,3,0,0,11.5965659340659
"413",842869,"2013-01-01",60850005,20.8,37.348497,-121.894898,2013,2012,0,0,365,263,101,0,0,0,10.1090659340659
"414",842900,"2014-01-01",60850005,60.4,37.348497,-121.894898,2014,2013,0,0,365,233,123,7,2,0,12.4076712328767
"415",842931,"2015-01-01",60850005,17.7,37.348497,-121.894898,2015,2014,0,2,365,284,81,0,0,0,9.24095890410959
"416",842962,"2016-01-01",60850005,22.7,37.348497,-121.894898,2016,2015,0,0,366,291,73,2,0,0,9.13142076502732
"417",843055,"2019-01-01",60850005,8.5,37.348497,-121.894898,2019,2018,0,0,365,260,91,3,11,0,12.442602739726
"418",843086,"2020-01-01",60850005,14.3,37.348497,-121.894898,2020,2019,0,1,366,290,76,0,0,0,9.29303278688525
"419",843117,"2021-01-01",60850005,26.9,37.348497,-121.894898,2021,2020,0,0,365,258,94,4,8,0,11.7580821917808
"420",843179,"2023-01-01",60850005,4.2,37.348497,-121.894898,2023,2022,0,0,365,292,71,2,0,0,9.07315068493151
"421",850046,"2016-01-01",60850006,26.5,37.338135,-121.849783,2016,2015,0,0,366,314,49,1,0,0,7.73653846153846
"422",850108,"2018-01-01",60850006,45,37.338135,-121.849783,2018,2017,0,0,365,254,101,10,0,0,11.43
"423",850263,"2023-01-01",60850006,5.5,37.338135,-121.849783,2023,2022,0,2,365,316,49,0,0,0,7.57027397260274
"424",856538,"2021-01-01",60870007,7.6,36.983320000907,-121.98822,2021,2020,0,0,365,332,20,9,4,0,7.95424657534247
"425",903742,"2005-01-01",60950004,5.9,38.102507,-122.237976,2005,2004,0,0,365,234,121,10,0,0,11.8980821917808
"426",903835,"2008-01-01",60950004,8.9,38.102507,-122.237976,2008,2007,0,1,366,250,113,3,0,0,10.846174863388
"427",904052,"2015-01-01",60950004,25.5,38.102507,-122.237976,2015,2014,0,0,365,248,114,3,0,0,11.7027397260274
"428",912239,"2011-01-01",60970003,5.1,38.443503,-122.710169,2011,2010,0,0,365,308,56,0,0,0,7.45494505494506
"429",916439,"2018-01-01",60970004,12.6,38.403765,-122.818294,2018,2017,0,0,365,313,48,1,3,0,8.21506849315069
"430",919723,"2005-01-01",60990005,6,37.642165,-120.994212,2005,2004,0,2,365,236,93,21,1,0,13.9301994301994
"431",919785,"2007-01-01",60990005,NA,37.642165,-120.994212,2007,2006,1,2,365,183,135,28,8,0,16.430790960452
"432",919940,"2012-01-01",60990005,30,37.642165,-120.994212,2012,2011,0,0,366,216,121,19,10,0,15.0734972677596
"433",919971,"2013-01-01",60990005,34.3,37.642165,-120.994212,2013,2012,0,1,365,247,103,14,1,0,12.0694520547945
"434",920002,"2014-01-01",60990005,58,37.642165,-120.994212,2014,2013,0,0,365,232,92,28,12,0,14.8384931506849
"435",927362,"2008-01-01",60990006,37,37.488317,-120.836008,2008,2007,0,0,366,167,174,18,6,0,16.1193989071038
"436",927765,"2021-01-01",60990006,24.8,37.488317,-120.836008,2021,2020,0,0,365,223,108,19,15,0,15.4750684931507
"437",933389,"2008-01-01",61010003,22,39.1387725442464,-121.618548986224,2008,2007,0,1,366,256,101,9,0,0,11.2478142076503
"438",933420,"2009-01-01",61010003,25.5,39.1387725442464,-121.618548986224,2009,2008,0,0,365,217,129,11,8,0,14.5553424657534
"439",933451,"2010-01-01",61010003,17.4,39.1387725442464,-121.618548986224,2010,2009,0,0,365,224,138,3,0,0,11.453698630137
"440",933482,"2011-01-01",61010003,7.2,39.1387725442464,-121.618548986224,2011,2010,0,0,365,243,121,0,1,0,10.8865753424658
"441",933513,"2012-01-01",61010003,31.1,39.1387725442464,-121.618548986224,2012,2011,0,0,366,182,170,13,1,0,13.6256830601093
"442",933544,"2013-01-01",61010003,15.3,39.1387725442464,-121.618548986224,2013,2012,0,1,365,264,98,3,0,0,10.1335616438356
"443",933575,"2014-01-01",61010003,39.6,39.1387725442464,-121.618548986224,2014,2013,0,0,365,263,99,3,0,0,10.221095890411
"444",933606,"2015-01-01",61010003,33.7,39.1387725442464,-121.618548986224,2015,2014,0,0,365,210,151,4,0,0,12.7167123287671
"445",933637,"2016-01-01",61010003,10.1,39.1387725442464,-121.618548986224,2016,2015,0,0,366,258,108,0,0,0,10.0648907103825
"446",933668,"2017-01-01",61010003,11,39.1387725442464,-121.618548986224,2017,2016,0,0,365,232,130,3,0,0,11.56
"447",933699,"2018-01-01",61010003,49.2,39.1387725442464,-121.618548986224,2018,2017,0,0,365,202,154,8,0,0,12.7495890410959
"448",933761,"2020-01-01",61010003,28.4,39.1387725442464,-121.618548986224,2020,2019,0,0,366,289,77,0,0,0,9.07131147540984
"449",933792,"2021-01-01",61010003,16.7,39.1387725442464,-121.618548986224,2021,2020,0,0,365,234,100,15,14,2,15.916301369863
"450",942823,"2017-01-01",61030007,10.9,40.17093,-122.25556,2017,2016,0,0,365,349,16,0,0,0,4.66520547945206
"451",956458,"2010-01-01",61071001,NA,36.498834948,-118.824821113,2010,2009,1,2,365,338,15,1,0,0,6.6728813559322
"452",956489,"2011-01-01",61071001,NA,36.498834948,-118.824821113,2011,2010,1,2,365,325,29,0,0,0,6.28135593220339
"453",956520,"2012-01-01",61071001,2.3,36.498834948,-118.824821113,2012,2011,0,2,366,317,35,0,0,0,7.14715909090909
"454",963852,"2004-01-01",61072002,11.8,36.3321793109462,-119.291227556039,2004,2003,0,0,366,97,230,38,1,0,19.8049180327869
"455",963883,"2005-01-01",61072002,6.3,36.3321793109462,-119.291227556039,2005,2004,0,0,365,116,211,32,3,0,18.7158839779006
"456",963914,"2006-01-01",61072002,7.2,36.3321793109462,-119.291227556039,2006,2005,0,0,365,107,210,28,18,0,21.0446575342466
"457",963976,"2008-01-01",61072002,47,36.3321793109462,-119.291227556039,2008,2007,0,0,366,114,200,36,16,0,20.694262295082
"458",964007,"2009-01-01",61072002,29.3,36.3321793109462,-119.291227556039,2009,2008,0,0,365,110,203,34,17,0,20.4476712328767
"459",964038,"2010-01-01",61072002,33.5,36.3321793109462,-119.291227556039,2010,2009,0,0,365,161,187,12,4,0,15.8743835616438
"460",964069,"2011-01-01",61072002,6.1,36.3321793109462,-119.291227556039,2011,2010,0,0,365,206,141,16,2,0,13.8435616438356
"461",964131,"2013-01-01",61072002,43.3,36.3321793109462,-119.291227556039,2013,2012,0,0,365,178,168,18,0,0,14.9550824175824
"462",964162,"2014-01-01",61072002,73.2,36.3321793109462,-119.291227556039,2014,2013,0,0,365,134,175,30,24,0,20.8217808219178
"463",964193,"2015-01-01",61072002,16.5,36.3321793109462,-119.291227556039,2015,2014,0,0,365,177,168,7,13,0,16.3357534246575
"464",964255,"2017-01-01",61072002,7.2,36.3321793109462,-119.291227556039,2017,2016,0,0,365,170,178,17,0,0,14.6904109589041
"465",964286,"2018-01-01",61072002,96.2,36.3321793109462,-119.291227556039,2018,2017,0,0,365,136,182,24,23,0,19.6671232876712
"466",964317,"2019-01-01",61072002,45.5,36.3321793109462,-119.291227556039,2019,2018,0,0,365,175,162,20,7,0,15.6635616438356
"467",964348,"2020-01-01",61072002,39.7,36.3321793109462,-119.291227556039,2020,2019,0,0,366,187,175,4,0,0,13.2206284153005
"468",964379,"2021-01-01",61072002,30.8,36.3321793109462,-119.291227556039,2021,2020,0,0,365,146,161,40,17,0,20.962602739726
"469",976025,"2003-01-01",61110007,NA,34.210169,-118.870509,2003,2002,1,2,365,186,168,0,0,0,12.0985875706215
"470",976335,"2013-01-01",61110007,8.4,34.210169,-118.870509,2013,2012,0,2,365,266,98,1,0,0,9.43575342465753
"471",976366,"2014-01-01",61110007,17.6,34.210169,-118.870509,2014,2013,0,2,365,248,117,0,0,0,9.99315068493151
"472",995659,"2010-01-01",61112002,NA,34.276316,-118.683685,2010,2009,1,2,365,211,143,0,0,0,10.7073446327684
"473",995690,"2011-01-01",61112002,NA,34.276316,-118.683685,2011,2010,1,2,365,284,70,0,0,0,8.84774011299435
"474",995876,"2017-01-01",61112002,8.1,34.276316,-118.683685,2017,2016,0,0,365,260,105,0,0,0,9.14794520547945
"475",995907,"2018-01-01",61112002,29.6,34.276316,-118.683685,2018,2017,0,0,365,254,111,0,0,0,9.53315068493151
"476",1003236,"2007-01-01",61113001,NA,34.25239,-119.143182,2007,2006,1,2,365,248,106,0,0,0,9.98785310734463
"477",1003329,"2010-01-01",61113001,NA,34.25239,-119.143182,2010,2009,1,2,365,228,126,0,0,0,10.2570621468927
"478",1003422,"2013-01-01",61113001,4.1,34.25239,-119.143182,2013,2012,0,2,365,276,89,0,0,0,8.50068493150685
"479",1010813,"2005-01-01",61130004,4.9,38.53445,-121.7734,2005,2004,0,0,365,290,69,5,1,0,9.44164383561644
"480",1010875,"2007-01-01",61130004,9.8,38.53445,-121.7734,2007,2006,0,0,365,297,63,2,2,0,8.48739726027397
